{
  "name": "wifi-voucher-system-cpanel",
  "version": "1.0.0",
  "description": "WiFi Voucher System with MikroTik Integration - cPanel Edition",
  "main": "server.js",
  "scripts": {
    "dev": "next dev",
    "build": "next build",
    "start": "node server.js",
    "postinstall": "prisma generate",
    "lint": "next lint",
    "type-check": "tsc --noEmit",
    "db:generate": "prisma generate",
    "db:push": "prisma db push",
    "db:studio": "prisma studio",
    "db:seed": "node prisma/seed.js"
  },
  "keywords": [
    "wifi",
    "voucher",
    "mikrotik",
    "hotspot",
    "nextjs",
    "cpanel",
    "nodejs"
  ],
  "author": "MLJ-NET",
  "license": "MIT",
  "dependencies": {
    "next": "^14.2.5",
    "react": "^18.3.1",
    "react-dom": "^18.3.1",
    "@prisma/client": "^5.16.2",
    "prisma": "^5.16.2",
    "bcryptjs": "^2.4.3",
    "jsonwebtoken": "^9.0.2",
    "node-routeros": "^1.6.9",
    "axios": "^1.6.8",
    "qrcode": "^1.5.3",
    "canvas": "^2.11.2",
    "z-ai-web-dev-sdk": "^0.0.10",
    "express": "^4.18.2",
    "express-rate-limit": "^7.1.5",
    "helmet": "^7.1.0",
    "cors": "^2.8.5",
    "compression": "^1.7.4",
    "morgan": "^1.10.0"
  },
  "devDependencies": {
    "@types/node": "^20.12.12",
    "@types/react": "^18.3.3",
    "@types/react-dom": "^18.3.0",
    "@types/bcryptjs": "^2.4.6",
    "@types/jsonwebtoken": "^9.0.6",
    "@types/qrcode": "^1.5.5",
    "@types/express": "^4.17.21",
    "@types/cors": "^2.8.17",
    "@types/compression": "^1.7.5",
    "@types/morgan": "^1.9.9",
    "typescript": "^5.4.5",
    "eslint": "^8.57.0",
    "eslint-config-next": "^14.2.5",
    "tailwindcss": "^3.4.6",
    "autoprefixer": "^10.4.19",
    "postcss": "^8.4.39"
  },
  "engines": {
    "node": ">=18.0.0",
    "npm": ">=8.0.0"
  },
  "repository": {
    "type": "git",
    "url": "https://github.com/mauljasmay/wifi-voucher-system.git"
  },
  "bugs": {
    "url": "https://github.com/mauljasmay/wifi-voucher-system/issues"
  },
  "homepage": "https://github.com/mauljasmay/wifi-voucher-system#readme"
}